{
  "$schema": "https://schemas.wp.org/wp/6.7/theme.json",
  "version": 3,
  "settings": {
    "appearanceTools": true,
    "color": {
      "defaultDuotone": false,
      "defaultGradients": false,
      "defaultPalette": false,
      "palette": [
        { "slug": "white", "color": "#ffffff", "name": "White" },
        { "slug": "black", "color": "#101224", "name": "Black" },
        { "slug": "gray-100", "color": "#f8f9fc", "name": "Gray 100" },
        { "slug": "gray-300", "color": "#d0d5dd", "name": "Gray 300" },
        { "slug": "gray-700", "color": "#475467", "name": "Gray 700" },
        { "slug": "navy-300", "color": "#0F172A", "name": "Navy Blue" },
        { "slug": "primary", "color": "#6a11cb", "name": "Primary Purple" },
        { "slug": "secondary", "color": "#2575fc", "name": "Secondary Blue" },
        {
          "slug": "gradient",
          "gradient": "linear-gradient(135deg, #6a11cb 0%, #2575fc 100%)",
          "name": "Brand Gradient"
        }
      ]
    },
    "layout": {
      "contentSize": "900px",
      "wideSize": "1200px"
    },
    "spacing": {
      "defaultSpacingSizes": false,
      "spacingSizes": [
        { "slug": "10", "name": "10", "size": "10px" },
        { "slug": "20", "name": "20", "size": "20px" },
        { "slug": "30", "name": "30", "size": "clamp(20px, 3vw, 30px)" },
        { "slug": "40", "name": "40", "size": "clamp(24px, 4vw, 40px)" },
        { "slug": "50", "name": "50", "size": "clamp(32px, 5vw, 50px)" },
        { "slug": "60", "name": "60", "size": "clamp(40px, 6vw, 60px)" },
        { "slug": "80", "name": "80", "size": "clamp(48px, 8vw, 80px)" },
        { "slug": "100", "name": "100", "size": "clamp(64px, 10vw, 100px)" },
        { "slug": "120", "name": "120", "size": "clamp(80px, 12vw, 120px)" }
      ],
      "units": ["px", "em", "rem", "%", "vh", "vw", "dvh"]
    },
    "typography": {
      "defaultFontSizes": false,
      "fluid": true,
      "fontFamilies": [
        {
          "slug": "montserrat",
          "name": "Montserrat",
          "fontFamily": "'Montserrat', sans-serif"
        }
      ],
      "fontSizes": [
        { "slug": "x-small", "name": "Extra Small", "size": "16px" },
        { "slug": "small", "name": "Small", "size": "18px" },
        {
          "slug": "lead",
          "name": "Lead Text",
          "size": "clamp(16px, 2vw, 20px)"
        },
        {
          "slug": "medium",
          "name": "Medium",
          "size": "clamp(18px, 2vw, 22px)"
        },
        {
          "slug": "large",
          "name": "Large",
          "size": "clamp(20px, 2.5vw, 28px)"
        },
        {
          "slug": "x-large",
          "name": "Extra Large",
          "size": "clamp(30px, 3.8vw, 40px)"
        },
        {
          "slug": "xx-large",
          "name": "Hero",
          "size": "clamp(34px, 4.5vw, 60px)"
        }
      ]
    },
    "useRootPaddingAwareAlignments": true
  },
  "styles": {
    "color": {
      "background": "var:preset|color|white",
      "text": "var:preset|color|black"
    },
    "typography": {
      "fontFamily": "var:preset|font-family|montserrat",
      "lineHeight": "1.6"
    },
    "elements": {
      "button": {
        "color": {
          "background": "var:preset|color|primary",
          "text": "var:preset|color|white"
        },
        "typography": {
          "fontSize": "18px",
          "fontWeight": "700",
          "fontFamily": "var:preset|font-family|montserrat",
          "textTransform": "none",
          "letterSpacing": "0.2px"
        },
        "spacing": {
          "padding": {
            "top": "12px",
            "right": "28px",
            "bottom": "12px",
            "left": "28px"
          }
        },
        
        "border": {
          "radius": "12px",
          "width": "2px",
          "color": "var:preset|color|primary",
          "style": "solid"
        },
        ":hover": {
          "color": {
            "background": "var:preset|color|white",
            "text": "var:preset|color|primary"
          },
          "border": {
            "color": "var:preset|color|primary"
          }
        },
        ":focus": {
          "color": {
            "background": "var:preset|color|white",
            "text": "var:preset|color|primary"
          }
        }
      },
      "h1": {
        "typography": {
          "fontSize": "var:preset|font-size|xx-large",
          "fontFamily": "var:preset|font-family|montserrat",
          "fontWeight": "700",
          "lineHeight": "1.1"
        }
      },
      "h2": {
        "typography": {
          "fontSize": "var:preset|font-size|x-large",
          "fontFamily": "var:preset|font-family|montserrat",
          "fontWeight": "600"
        }
      },
      "h3": {
        "typography": {
          "fontSize": "var:preset|font-size|large",
          "fontFamily": "var:preset|font-family|montserrat",
          "fontWeight": "600"
        }
      },
      "h4": {
        "typography": {
          "fontFamily": "var:preset|font-family|montserrat",
          "fontWeight": "600"
        }
      },
      "h5": {
        "typography": {
          "fontFamily": "var:preset|font-family|montserrat",
          "fontWeight": "600"
        }
      },
      "h6": {
        "typography": {
          "fontFamily": "var:preset|font-family|montserrat",
          "fontWeight": "600"
        }
      }
    },
    "blocks": {
      "core/paragraph": {
        "typography": {
          "fontFamily": "var:preset|font-family|montserrat",
          "fontWeight": "500"
        },
        "spacing": { "margin": "0" }
      },
      "core/navigation": {
        "typography": {
          "fontFamily": "var:preset|font-family|montserrat",
          "fontSize": "16px",
          "fontWeight": "500"
        },
        "elements": {
          "link": {
            "typography": { "textDecoration": "none" },
            ":hover": {
              "typography": { "textDecoration": "underline" }
            }
          }
        }
      },
      "core/buttons": {
        "spacing": { "blockGap": "12px" }
      }
    }
  },
  "templateParts": [
    { "area": "header", "name": "header", "title": "Header" },
    { "area": "footer", "name": "footer", "title": "Footer" }
  ],
  "customTemplates": [
    {
      "name": "homepage",
      "postTypes": ["page"],
      "title": "Homepage Template"
    }
  ]
}
